category,listings,priced_listings,discount_listings,rated_listings,rating_coverage_pct,min_price,p25,p50,p75,p90,max_price,mean_discount_pct,median_discount_pct
Clothing,6198,6171,6171,628,10.132300742174895,59.0,374.0,499.0,799.0,1199.0,48999.0,45.0705247435926,50.06257822277847
Jewellery,3531,3522,3522,142,4.021523647691872,79.0,310.0,449.0,1076.75,27296.9,44000.0,40.889933739241776,42.403743315508024
Footwear,1227,1225,1225,161,13.121434392828036,149.0,499.0,899.0,1540.0,1959.6000000000001,9997.0,36.2685307831867,40.21263289555972
Mobiles & Accessories,1099,1097,1097,41,3.7306642402183803,79.0,449.0,599.0,1499.0,1685.0,116292.0,50.99446998852933,53.88760585065435
Automotive,1012,1010,1010,24,2.3715415019762847,89.0,499.0,1350.0,1599.0,1599.0,22440.0,54.650991107835054,61.51906672125898
Home Decor & Festive Needs,929,927,927,34,3.6598493003229278,79.0,426.5,699.0,1250.0,4139.599999999998,47620.0,36.649403918980774,37.5234521575985
Beauty and Personal Care,710,709,709,109,15.352112676056338,75.0,299.0,355.0,479.0,1102.4000000000008,18799.0,19.82967415165971,14.473684210526315
Home Furnishing,700,700,700,36,5.142857142857143,80.0,523.0,799.0,1332.0,2410.9,11549.0,37.218049717931116,40.04004004004004
Kitchen & Dining,647,645,645,63,9.737248840803709,35.0,199.0,299.0,582.0,1086.0000000000002,25499.0,43.77169545716359,51.5
Computers,578,573,573,176,30.44982698961938,75.0,350.0,1250.0,1995.0,4840.000000000004,38890.0,43.467316339189615,46.666666666666664
Watches,530,528,528,193,36.41509433962264,109.0,550.0,767.5,950.0,1032.0,571230.0,20.17055516073954,0.0
Baby Care,483,481,481,14,2.898550724637681,70.0,499.0,599.0,999.0,1499.0,9375.0,34.71729726824486,40.0266844563042
Tools & Hardware,391,387,387,55,14.066496163682864,120.0,375.0,599.0,999.0,1599.0,12500.0,29.330164157717896,30.03003003003003
Toys & School Supplies,330,329,329,37,11.212121212121213,41.0,179.0,295.0,550.0,2871.799999999999,16443.0,27.743839406187217,25.333333333333332
Pens & Stationery,313,313,313,15,4.792332268370607,47.0,225.0,308.0,550.0,986.2000000000003,44804.0,27.651471274090436,25.0
"Bags, Wallets & Belts",265,264,264,31,11.69811320754717,95.0,399.0,607.5,1099.0,2066.7000000000003,12330.0,48.27219582690749,53.88760585065435
Furniture,180,180,180,6,3.3333333333333335,299.0,1299.0,2364.0,22646.0,48067.49999999999,162825.0,29.7215845451001,35.0
Sports & Fitness,166,166,166,32,19.27710843373494,129.0,417.5,645.0,1386.75,3329.5,14214.0,25.282277612869198,21.940919037199123
Cameras & Accessories,82,72,72,16,19.51219512195122,240.0,674.0,904.5,1480.0,2371.5,7574.0,19.441130644810375,15.794742163801821
Home Improvement,81,79,79,4,4.938271604938271,36.0,150.0,249.0,804.5,3520.0000000000005,12250.0,21.262267571477764,15.079365079365079
Health & Personal Care Appliances,43,43,43,10,23.25581395348837,190.0,477.0,865.0,6110.5,10448.200000000013,12681.0,33.82625556732996,33.666666666666664
Sunglasses,40,40,40,2,5.0,117.0,269.0,299.0,484.0,604.0000000000001,1759.0,60.60439525982034,64.37768240343348
Gaming,35,35,35,0,0.0,159.0,159.0,325.0,704.5,1959.6000000000022,5999.0,48.522792587062646,60.150375939849624
Pet Supplies,30,29,29,0,0.0,100.0,200.0,230.0,380.0,659.6,2653.0,25.659762351202723,20.0
Home & Kitchen,24,24,24,4,16.666666666666668,145.0,586.75,1599.0,2935.0,11038.499999999995,19460.0,32.5804568025058,26.364365356584493
Home Entertainment,19,19,19,1,5.2631578947368425,239.0,371.5,1699.0,3345.0,6779.199999999999,18990.0,34.85755344437076,40.100250626566414
eBooks,15,15,15,1,6.666666666666667,144.0,1092.5,2054.0,8065.0,10336.4,11456.0,8.31559413437005,5.003790750568613
Eyewear,10,10,10,0,0.0,329.0,607.25,1130.0,1495.0,1695.3999999999994,3499.0,46.783165810956845,40.085739784534965
Clovia Women's Full Coverage Bra,9,9,9,5,55.55555555555556,249.0,279.0,279.0,349.0,431.0,559.0,22.4535174344057,30.037546933667084
Lilliput Top Baby Girl's  Combo,8,8,8,0,0.0,805.0,872.5,940.0,1277.5,1750.0,1750.0,10.043656425509937,10.047846889952153
Vishudh Printed Women's Straight Kurta,8,8,8,0,0.0,449.0,449.0,449.0,461.5,499.0,499.0,50.05422552697303,50.055617352614014
Olvin Aviator Sunglasses,7,7,7,0,0.0,399.0,399.0,399.0,599.0,599.0,599.0,41.68484855180134,42.918454935622314
Clovia Women's T-Shirt Bra,6,6,6,5,83.33333333333333,299.0,479.0,479.0,479.0,479.0,479.0,25.041736227045075,20.03338898163606
MASARA Solid Women's Straight Kurta,5,5,5,0,0.0,499.0,550.0,599.0,599.0,599.0,599.0,56.45747248320515,57.18370264474625
Dressberry Gold Synthetic  Clutch,4,4,4,0,0.0,1299.0,1299.0,1299.0,1299.0,1299.0,1299.0,0.0,0.0
FEET FLOW Women Flats,4,4,4,0,0.0,1399.0,1399.0,1399.0,1521.5,1742.0000000000002,1889.0,30.01403443477945,30.015007503751875
"Firangi Cotton, Polyester Free Floor Mat Firangi...",4,4,4,0,0.0,399.0,474.0,499.0,561.5,674.0000000000001,749.0,46.07826538121519,50.041702810215156
Household Supplies,4,4,4,0,0.0,120.0,479.25,599.0,599.0,599.0,599.0,0.0,0.0
Olvin Wayfarer Sunglasses,4,4,4,0,0.0,599.0,599.0,599.0,599.0,599.0,599.0,40.04004004004004,40.04004004004004
Pu-Good Women Flats,4,4,4,1,25.0,378.0,378.0,388.0,405.5,419.0,428.0,60.410410410410414,61.16116116116116
Dassler Slim Fit Women's Multicolor Jeans,3,3,3,0,0.0,1599.0,1699.0,1799.0,1949.0,2039.0,2099.0,50.013810076457105,50.01389274798555
Dilan Jewels Alloy Zircon 18K Yellow Gold Bangle...,3,3,3,0,0.0,1341.0,2079.0,2817.0,2907.0,2961.0,2997.0,10.0,10.0
Frabjous German silver Rings For Women Alloy Zir...,3,3,3,0,0.0,299.0,299.0,299.0,349.0,379.00000000000006,399.0,13.26305086332144,14.326647564469914
Indistar Self Design Viscose Women's Stole,3,3,3,0,0.0,239.0,239.0,239.0,344.0,407.00000000000006,449.0,50.0,50.0
Olvin Oval Sunglasses,3,3,3,0,0.0,399.0,449.0,499.0,499.0,499.0,499.0,39.33744075659667,37.546933667083856
Pout Brass Bangle,3,3,3,0,0.0,225.0,225.0,225.0,300.0,345.0,375.0,50.0,50.0
Ruhi's Creations Polyester Silk Blend Cartoon Ki...,3,3,3,0,0.0,499.0,499.0,499.0,499.0,499.0,499.0,64.33166547533953,64.33166547533953
Treppe Bellies,3,3,3,0,0.0,399.0,399.0,399.0,399.0,399.0,399.0,60.06006006006006,60.06006006006006
ANAND ARCHIES Girls Flats,2,2,2,0,0.0,399.0,424.0,449.0,474.0,489.0,499.0,10.02004008016032,10.02004008016032
Ajaero Slim Fit Women's Dark Blue Jeans,2,2,2,0,0.0,679.0,709.0,739.0,769.0,787.0,799.0,55.03329221728855,55.03329221728855
COIRFIT Single Coir Mattress,2,2,2,0,0.0,6820.0,7063.5,7307.0,7550.5,7696.6,7794.0,25.00635726314325,25.00635726314325
Camey Men's Quarter Length Socks,2,2,2,0,0.0,299.0,299.0,299.0,299.0,299.0,299.0,40.08016032064128,40.08016032064128
Corcepts Universal Tablet HD Ultra Clear Transpa...,2,2,2,0,0.0,399.0,399.0,399.0,399.0,399.0,399.0,60.06006006006006,60.06006006006006
Crafty Hands Kutchchi Mirrorwork Tapestry (Maroon),2,2,2,0,0.0,899.0,899.0,899.0,899.0,899.0,899.0,25.020850708924105,25.020850708924105
D&D Women Flats,2,2,2,0,0.0,499.0,499.0,499.0,499.0,499.0,499.0,50.050050050050054,50.050050050050054
Dressberry Black Synthetic  Clutch,2,2,2,0,0.0,1299.0,1299.0,1299.0,1299.0,1299.0,1299.0,0.0,0.0
EASIES Solid Single Breasted Casual Men's Blazer,2,2,2,0,0.0,3499.0,3499.0,3499.0,3499.0,3499.0,3499.0,30.006001200240046,30.006001200240046
Food & Nutrition,2,2,2,0,0.0,949.0,1200.5,1452.0,1703.5,1854.4,1955.0,11.207317073170731,11.207317073170731
GALLOWAY skinny Fit Women's Jeans,2,2,2,0,0.0,1099.0,1224.0,1349.0,1474.0,1549.0,1599.0,75.39305262347816,75.39305262347816
HANS Men's Crew Length Socks,2,2,2,0,0.0,1400.0,1400.0,1400.0,1400.0,1400.0,1400.0,0.0,0.0
INDILEGO Women Flats,2,2,2,0,0.0,399.0,424.0,449.0,474.0,489.0,499.0,66.71670465881897,66.71670465881897
Mast & Harbour Black Synthetic  Clutch,2,2,2,0,0.0,1899.0,1899.0,1899.0,1899.0,1899.0,1899.0,0.0,0.0
Olvin Rectangular Sunglasses,2,2,2,0,0.0,499.0,524.0,549.0,574.0,589.0,599.0,38.793486853561944,38.793486853561944
Siyas Collection Lac Cubic Zirconia Bangle Set (...,2,2,2,0,0.0,1200.0,1250.0,1300.0,1350.0,1380.0,1400.0,35.0,35.0
TIMBERLAKE Slim Fit Fit Women's Brown Jeans,2,2,2,0,0.0,899.0,899.0,899.0,899.0,899.0,899.0,30.792917628945343,30.792917628945343
TIMBERLAKE Slim Fit Fit Women's Red Jeans,2,2,2,0,0.0,745.0,783.5,822.0,860.5,883.6,899.0,36.72055427251732,36.72055427251732
TSG Breeze Printed Women's Round Neck Multicolor...,2,2,2,0,0.0,389.0,389.0,389.0,389.0,389.0,389.0,51.2531328320802,51.2531328320802
The Cotton Company Solid Women's Polo Neck Pink ...,2,2,2,0,0.0,399.0,399.0,399.0,399.0,399.0,399.0,71.4796283059328,71.4796283059328
Urban Girl Foundation Brush (Pack of 10),2,2,2,0,0.0,999.0,999.0,999.0,999.0,999.0,999.0,50.02501250625313,50.02501250625313
Wearable Smart Devices,2,2,2,0,0.0,439.0,464.0,489.0,514.0,529.0,539.0,57.28129977552611,57.28129977552611
fourgee Slim Fit Women's Blue Jeans,2,2,2,0,0.0,588.0,588.0,588.0,588.0,588.0,588.0,70.6,70.6
killys Men's Solid No Show Socks,2,2,2,0,0.0,510.0,531.0,552.0,573.0,585.6,594.0,73.09402676564581,73.09402676564581
883 Police Full Sleeve Solid Men's Jacket,1,1,1,0,0.0,6374.0,6374.0,6374.0,6374.0,6374.0,6374.0,15.002000266702227,15.002000266702227
"ABEEZ Boys, Men, Girls (Black, Pack of 1)",1,1,1,0,0.0,289.0,289.0,289.0,289.0,289.0,289.0,27.56892230576441,27.56892230576441
ANAND ARCHIES Girls Wedges,1,1,1,0,0.0,899.0,899.0,899.0,899.0,899.0,899.0,0.0,0.0
ANASAZI Casual 3/4 Sleeve Solid Women's Top,1,1,1,0,0.0,899.0,899.0,899.0,899.0,899.0,899.0,0.0,0.0
ATV Pouch for Acer Liquid Z330 (STEEL BLUE),1,1,1,0,0.0,399.0,399.0,399.0,399.0,399.0,399.0,27.3224043715847,27.3224043715847
Abhinl Fashion Cotton Printed Semi-stitched Salw...,1,1,1,0,0.0,999.0,999.0,999.0,999.0,999.0,999.0,61.562139284340134,61.562139284340134
"Adidas IND PRO THI GUA Thigh Guard (White, Blue,...",1,1,1,0,0.0,999.0,999.0,999.0,999.0,999.0,999.0,0.0,0.0
Amita Home Furnishing Cotton Floral Single Bedsh...,1,1,1,0,0.0,399.0,399.0,399.0,399.0,399.0,399.0,50.06257822277847,50.06257822277847
Amita Home Furnishing Cotton Printed Single Beds...,1,1,1,0,0.0,399.0,399.0,399.0,399.0,399.0,399.0,50.06257822277847,50.06257822277847
Anuradha Art Stylish Hair Clip (Black),1,1,1,0,0.0,350.0,350.0,350.0,350.0,350.0,350.0,35.18518518518518,35.18518518518518
Anuradha Art Stylish Hair Clip (Blue),1,1,1,0,0.0,450.0,450.0,450.0,450.0,450.0,450.0,37.93103448275862,37.93103448275862
"Areon Luxurious Fragrance Long Lasting Car,Home,...",1,1,1,0,0.0,269.0,269.0,269.0,269.0,269.0,269.0,46.09218436873748,46.09218436873748
Arial Morris Women Flats,1,1,1,0,0.0,499.0,499.0,499.0,499.0,499.0,499.0,50.050050050050054,50.050050050050054
Asics Gel-Cumulus 17 Running Shoes,1,1,1,0,0.0,9499.0,9499.0,9499.0,9499.0,9499.0,9499.0,0.0,0.0
Asics Gel-Kayano 22 Running Shoes,1,1,1,0,0.0,12499.0,12499.0,12499.0,12499.0,12499.0,12499.0,0.0,0.0
Attitude Printed Women's Round Neck Black T-Shirt,1,1,1,0,0.0,599.0,599.0,599.0,599.0,599.0,599.0,62.53908692933083,62.53908692933083
"Auraa Men's, Women's Solid No Show Socks",1,1,1,0,0.0,299.0,299.0,299.0,299.0,299.0,299.0,50.08347245409015,50.08347245409015
AutoKraftZ Optimum Locking Device For Bajaj Puls...,1,1,1,0,0.0,199.0,199.0,199.0,199.0,199.0,199.0,66.7779632721202,66.7779632721202
Automation & Robotics,1,1,1,0,0.0,17000.0,17000.0,17000.0,17000.0,17000.0,17000.0,14.995749787489375,14.995749787489375
Autoplus M AP15 Arm Sleeve (Black),1,1,1,0,0.0,440.0,440.0,440.0,440.0,440.0,440.0,51.0567296996663,51.0567296996663
Autoplus M AP18 Arm Sleeve (Black),1,1,1,0,0.0,225.0,225.0,225.0,225.0,225.0,225.0,71.8397997496871,71.8397997496871
BALAJI EXPORTS Bottled Wine Cooler (9 Bottles),1,1,1,0,0.0,8000.0,8000.0,8000.0,8000.0,8000.0,8000.0,20.0,20.0
BLM Casual Printed Women's Kurti,1,1,1,0,0.0,599.0,599.0,599.0,599.0,599.0,599.0,33.370411568409345,33.370411568409345
Be 13 Printed Boy's Round Neck T-Shirt (Pack of 2),1,1,1,0,0.0,519.0,519.0,519.0,519.0,519.0,519.0,52.775250227479525,52.775250227479525
Behringer Xenyx 502 Analog Sound Mixer,1,1,1,0,0.0,6600.0,6600.0,6600.0,6600.0,6600.0,6600.0,34.0,34.0
Bengal Blooms Rose Artificial Plant  with Pot (3...,1,1,1,0,0.0,579.0,579.0,579.0,579.0,579.0,579.0,27.53441802252816,27.53441802252816
Bootwale Bellies,1,1,1,0,0.0,399.0,399.0,399.0,399.0,399.0,399.0,50.06257822277847,50.06257822277847
Boreal Roller Brush,1,1,1,0,0.0,646.0,646.0,646.0,646.0,646.0,646.0,0.0,0.0
Breakbounce Men's Vest,1,1,1,0,0.0,699.0,699.0,699.0,699.0,699.0,699.0,0.0,0.0
BuildTrack PIR Wireless Motion Sensor - One Swit...,1,1,1,0,0.0,5000.0,5000.0,5000.0,5000.0,5000.0,5000.0,23.076923076923077,23.076923076923077
Car vastra 1pcs Car Vastra Honda Beige Backrest ...,1,1,1,0,0.0,799.0,799.0,799.0,799.0,799.0,799.0,60.03001500750375,60.03001500750375
Carbanao Chrome Grill Chevrolet Cruze Car Grill ...,1,1,1,0,0.0,4500.0,4500.0,4500.0,4500.0,4500.0,4500.0,25.0,25.0
Cellbazaar Blackberry 8520 WHITE LCD LCD (YIT-562),1,1,1,0,0.0,1000.0,1000.0,1000.0,1000.0,1000.0,1000.0,80.0,80.0
Clickforsign Vehicles parked Illegally will be t...,1,1,1,0,0.0,410.0,410.0,410.0,410.0,410.0,410.0,8.88888888888889,8.88888888888889
Clovia Lingerie Set,1,1,1,1,100.0,509.0,509.0,509.0,509.0,509.0,509.0,27.181688125894134,27.181688125894134
Clovia Women's Plunge Bra,1,1,1,1,100.0,399.0,399.0,399.0,399.0,399.0,399.0,0.0,0.0
Disney Printed Baby Boy's Hooded Grey T-Shirt,1,0,0,0,0.0,,,,,,,,
Dolz Slim Fit Fit Women's Brown Jeans,1,1,1,0,0.0,599.0,599.0,599.0,599.0,599.0,599.0,52.041633306645316,52.041633306645316
Dremel 2615.023.132 Plastic Friction Work Bench ...,1,1,1,0,0.0,4999.0,4999.0,4999.0,4999.0,4999.0,4999.0,23.092307692307692,23.092307692307692
Dressberry Green Synthetic  Clutch,1,1,1,0,0.0,1899.0,1899.0,1899.0,1899.0,1899.0,1899.0,0.0,0.0
Dressberry Orange Synthetic  Clutch,1,1,1,0,0.0,1899.0,1899.0,1899.0,1899.0,1899.0,1899.0,0.0,0.0
E'Hiose Girl's Leggings (Pack of 6),1,1,1,0,0.0,778.0,778.0,778.0,778.0,778.0,778.0,56.77777777777778,56.77777777777778
Escan Lace Up,1,1,1,0,0.0,999.0,999.0,999.0,999.0,999.0,999.0,23.094688221709006,23.094688221709006
Eternal Gandhi Super Series Crystal Paper Weight...,1,1,1,0,0.0,430.0,430.0,430.0,430.0,430.0,430.0,0.0,0.0
FIFO Bottom Women's  Combo,1,1,1,0,0.0,1199.0,1199.0,1199.0,1199.0,1199.0,1199.0,50.0,50.0
Fabpoppy Printed Women's Jumpsuit,1,1,1,0,0.0,599.0,599.0,599.0,599.0,599.0,599.0,40.04004004004004,40.04004004004004
Favourite BikerZ 3514 RAD air filter Ionic Air F...,1,1,1,0,0.0,499.0,499.0,499.0,499.0,499.0,499.0,50.050050050050054,50.050050050050054
Fly U Slim Fit Fit Women's Brown Jeans,1,1,1,0,0.0,599.0,599.0,599.0,599.0,599.0,599.0,52.041633306645316,52.041633306645316
Foot Candy Women Flats,1,1,1,0,0.0,1399.0,1399.0,1399.0,1399.0,1399.0,1399.0,30.015007503751875,30.015007503751875
GM Power mate 4 Strip Surge Protector (White),1,1,1,0,0.0,350.0,350.0,350.0,350.0,350.0,350.0,6.666666666666667,6.666666666666667
Gking Hand Stiched Steering Cover For Maruti Ert...,1,1,1,0,0.0,168.0,168.0,168.0,168.0,168.0,168.0,71.95325542570951,71.95325542570951
Gking Hand Stiched Steering Cover For Renault Sc...,1,1,1,0,0.0,168.0,168.0,168.0,168.0,168.0,168.0,71.95325542570951,71.95325542570951
Glacier Running Shoes,1,1,1,0,0.0,498.0,498.0,498.0,498.0,498.0,498.0,20.82670906200318,20.82670906200318
Himmlisch 20503 Car Bottle Holder (Plastic),1,1,1,0,0.0,299.0,299.0,299.0,299.0,299.0,299.0,76.98229407236336,76.98229407236336
INKT INKT A5 Wiro Notebook A5 Notebook Ring Boun...,1,0,0,0,0.0,,,,,,,,
INVENTURE RETAIL Nail Cutter,1,1,1,0,0.0,199.0,199.0,199.0,199.0,199.0,199.0,33.44481605351171,33.44481605351171
Impala Alloy Cufflink (White),1,1,1,0,0.0,550.0,550.0,550.0,550.0,550.0,550.0,60.714285714285715,60.714285714285715
JUSF2 Black Color Hair Band (Multicolor),1,1,1,0,0.0,189.0,189.0,189.0,189.0,189.0,189.0,24.096385542168676,24.096385542168676
Jazz Eyewears Over-sized Sunglasses,1,1,1,0,0.0,499.0,499.0,499.0,499.0,499.0,499.0,58.381984987489574,58.381984987489574
"Joyra Heart Sterling Silver Swarovski Crystal, S...",1,1,1,0,0.0,1319.0,1319.0,1319.0,1319.0,1319.0,1319.0,77.99833194328608,77.99833194328608
Just Wow Women Flats,1,1,1,0,0.0,499.0,499.0,499.0,499.0,499.0,499.0,62.196969696969695,62.196969696969695
K&P Dr.Ambedkar Large 04 Showpiece  -  19 cm (Po...,1,1,1,0,0.0,2151.0,2151.0,2151.0,2151.0,2151.0,2151.0,39.899413243922886,39.899413243922886
K&P Lord Ganesha Large 03 Showpiece  -  19 cm (P...,1,1,1,0,0.0,2151.0,2151.0,2151.0,2151.0,2151.0,2151.0,39.899413243922886,39.899413243922886
"Kalpaveda Copper Bowl (Gold, Pack of 1)",1,1,1,0,0.0,2400.0,2400.0,2400.0,2400.0,2400.0,2400.0,0.0,0.0
Kanvas Bellies,1,1,1,0,0.0,1600.0,1600.0,1600.0,1600.0,1600.0,1600.0,0.0,0.0
Kittens Boys Flats,1,1,1,0,0.0,690.0,690.0,690.0,690.0,690.0,690.0,0.0,0.0
Klaur Melbourne Bellies,1,1,1,0,0.0,499.0,499.0,499.0,499.0,499.0,499.0,28.61230329041488,28.61230329041488
"Knight Ace Kraasa Sports Running Shoes, Cycling ...",1,1,1,0,0.0,499.0,499.0,499.0,499.0,499.0,499.0,61.585835257890686,61.585835257890686
Koie  Battery - For Samsung 7562 Premium Quality...,1,1,1,0,0.0,599.0,599.0,599.0,599.0,599.0,599.0,40.04004004004004,40.04004004004004
"Kombee Girl's Printed Red, Pink Top & Capri Set",1,1,1,0,0.0,490.0,490.0,490.0,490.0,490.0,490.0,24.615384615384617,24.615384615384617
Kraft Seeds Dill Herb Seed (50 per packet),1,1,1,0,0.0,210.0,210.0,210.0,210.0,210.0,210.0,28.571428571428573,28.571428571428573
Kraft Seeds Rosemary Herb (Pack Of 5) Seed (75 p...,1,1,1,0,0.0,820.0,820.0,820.0,820.0,820.0,820.0,28.571428571428573,28.571428571428573
Kraft Seeds Thyme Herbs Seed (200 per packet),1,1,1,0,0.0,200.0,200.0,200.0,200.0,200.0,200.0,28.571428571428573,28.571428571428573
LGRL Women's Leggings,1,1,1,1,100.0,499.0,499.0,499.0,499.0,499.0,499.0,50.050050050050054,50.050050050050054
Laser X Checkered Men's Boxer (Pack of 4),1,1,1,0,0.0,649.0,649.0,649.0,649.0,649.0,649.0,59.41213258286429,59.41213258286429
Leading lady Women's Camisole,1,1,1,0,0.0,315.0,315.0,315.0,315.0,315.0,315.0,17.105263157894736,17.105263157894736
Legmark Slim Fit Women's Blue Jeans,1,1,1,0,0.0,612.0,612.0,612.0,612.0,612.0,612.0,61.72607879924953,61.72607879924953
Legmark Slim Fit Women's Light Blue Jeans,1,1,1,0,0.0,612.0,612.0,612.0,612.0,612.0,612.0,61.72607879924953,61.72607879924953
Libas Printed Women's A-line Kurta,1,1,1,0,0.0,449.0,449.0,449.0,449.0,449.0,449.0,50.055617352614014,50.055617352614014
Libas Printed Women's Anarkali Kurta,1,1,1,0,0.0,924.0,924.0,924.0,924.0,924.0,924.0,50.02704164413196,50.02704164413196
Linzina Fashions LIN-HOSS-1.5 Faucet Set,1,1,1,0,0.0,275.0,275.0,275.0,275.0,275.0,275.0,44.88977955911824,44.88977955911824
Little Stars Girl's A-line Multicolor Dress,1,1,1,0,0.0,399.0,399.0,399.0,399.0,399.0,399.0,74.98432601880877,74.98432601880877
LondonHouze Printed Women's Round Neck Grey T-Shirt,1,1,1,0,0.0,549.0,549.0,549.0,549.0,549.0,549.0,45.04504504504504,45.04504504504504
"Lucky Thailand GL/ LG30 Glass (300 ml, Clear, Pa...",1,1,1,0,0.0,1380.0,1380.0,1380.0,1380.0,1380.0,1380.0,11.082474226804123,11.082474226804123
Mast & Harbour Gold Synthetic  Clutch,1,1,1,0,0.0,1899.0,1899.0,1899.0,1899.0,1899.0,1899.0,0.0,0.0
Miss Wow Slim Fit Women's Blue Jeans,1,1,1,0,0.0,499.0,499.0,499.0,499.0,499.0,499.0,50.050050050050054,50.050050050050054
NEWGEN TECH EO-HS3303 179 Wired Headset (White),1,1,1,0,0.0,159.0,159.0,159.0,159.0,159.0,159.0,60.150375939849624,60.150375939849624
NEWGEN TECH EO-HS3303 218 Wired Headset (White),1,1,1,0,0.0,199.0,199.0,199.0,199.0,199.0,199.0,80.08008008008008,80.08008008008008
NEWGEN TECH EO-HS3303 58 Wired Headset (White),1,1,1,0,0.0,159.0,159.0,159.0,159.0,159.0,159.0,60.150375939849624,60.150375939849624
Naaz 2 in 1 Paper Quilling Board Game,1,1,1,0,0.0,199.0,199.0,199.0,199.0,199.0,199.0,13.478260869565217,13.478260869565217
Naaz Dart game Board Game,1,1,1,0,0.0,399.0,399.0,399.0,399.0,399.0,399.0,33.3889816360601,33.3889816360601
New Darling Women's Printed Top & Pyjama Set,1,1,1,0,0.0,899.0,899.0,899.0,899.0,899.0,899.0,30.792917628945343,30.792917628945343
Nine Maternity Wear Women's Fit and Flare Dress,1,1,1,0,0.0,1825.0,1825.0,1825.0,1825.0,1825.0,1825.0,0.0,0.0
Noor Embroidered Women's Straight Kurta,1,1,1,0,0.0,849.0,849.0,849.0,849.0,849.0,849.0,48.51425106124924,48.51425106124924
Nut Khut Embroidered Kurta & Churidar,1,1,1,0,0.0,2800.0,2800.0,2800.0,2800.0,2800.0,2800.0,0.0,0.0
OEM 170774 Bike Side Stand,1,1,1,0,0.0,859.0,859.0,859.0,859.0,859.0,859.0,49.470588235294116,49.470588235294116
"Ocean GP/Pyramid Glass (300 ml, Clear, Pack of 12)",1,1,1,0,0.0,1155.0,1155.0,1155.0,1155.0,1155.0,1155.0,15.073529411764707,15.073529411764707
Oddy RS 1.5 X 2 100 Sheets Self Stick Reposition...,1,1,1,0,0.0,260.0,260.0,260.0,260.0,260.0,260.0,7.142857142857143,7.142857142857143
Oly Two Fit Fit Women's Black Jeans,1,1,1,0,0.0,850.0,850.0,850.0,850.0,850.0,850.0,20.187793427230048,20.187793427230048
Oly Two Fit Fit Women's Dark Blue Jeans,1,1,1,0,0.0,935.0,935.0,935.0,935.0,935.0,935.0,19.742489270386265,19.742489270386265
Pazel Slim Fit Men's Jeans,1,1,1,0,0.0,549.0,549.0,549.0,549.0,549.0,549.0,56.04483586869495,56.04483586869495
Pia International 10X70X70 WITH ZOOM SAKURA Bino...,1,1,1,0,0.0,4999.0,4999.0,4999.0,4999.0,4999.0,4999.0,50.00500050005,50.00500050005
Planet Waves Woodstock Strap (Multicolor),1,1,1,0,0.0,1760.0,1760.0,1760.0,1760.0,1760.0,1760.0,12.437810945273633,12.437810945273633
Power Smart Quick Charging Pack For PAN CGR-D28 ...,1,1,1,0,0.0,790.0,790.0,790.0,790.0,790.0,790.0,28.181818181818183,28.181818181818183
Power Smart Quick Charging Pack For PAN CGR-DU-2...,1,1,1,0,0.0,790.0,790.0,790.0,790.0,790.0,790.0,28.181818181818183,28.181818181818183
"Prime Printed 8 Seater Table Cover (Multicolor, ...",1,1,1,0,0.0,799.0,799.0,799.0,799.0,799.0,799.0,60.05,60.05
PrivateLifes MasterPiece Women's Push-up Bra,1,1,1,0,0.0,999.0,999.0,999.0,999.0,999.0,999.0,50.02501250625313,50.02501250625313
REMSON INDIA Women Flats,1,1,1,0,0.0,399.0,399.0,399.0,399.0,399.0,399.0,50.06257822277847,50.06257822277847
RajeshFashion Women's Leggings,1,1,1,0,0.0,2000.0,2000.0,2000.0,2000.0,2000.0,2000.0,0.0,0.0
Rasav Jewels Yellow Gold Diamond 18 K Ring,1,1,1,0,0.0,9733.0,9733.0,9733.0,9733.0,9733.0,9733.0,29.99352657699777,29.99352657699777
Remax Rm-10000 Remax Vanguard 10000mah 10000 mAh...,1,1,1,0,0.0,1842.0,1842.0,1842.0,1842.0,1842.0,1842.0,16.234652114597544,16.234652114597544
Royal Seal Creations 40 ST COLOR Silver Zircon N...,1,1,1,0,0.0,649.0,649.0,649.0,649.0,649.0,649.0,18.773466833541928,18.773466833541928
Ruhi's Creations Cotton Cartoon King sized Doubl...,1,1,1,0,0.0,499.0,499.0,499.0,499.0,499.0,499.0,64.33166547533953,64.33166547533953
Ruhi's Creations Cotton Floral King sized Double...,1,1,1,0,0.0,499.0,499.0,499.0,499.0,499.0,499.0,64.33166547533953,64.33166547533953
"SAY Thread Wounded Candle 10"" Set of 4 pcs Solid...",1,1,1,0,0.0,460.0,460.0,460.0,460.0,460.0,460.0,53.953953953953956,53.953953953953956
"SAY UV Sterilizer Solid Filter Cartridge (0, Pac...",1,1,1,0,0.0,399.0,399.0,399.0,399.0,399.0,399.0,33.3889816360601,33.3889816360601
SHOPOJ Multicolor Paper Sky Lantern (80 cm X 34 ...,1,1,1,0,0.0,515.0,515.0,515.0,515.0,515.0,515.0,42.71412680756396,42.71412680756396
"SHOPOJ Purple Paper Sky Lantern (80 cm X 34 cm, ...",1,1,1,0,0.0,550.0,550.0,550.0,550.0,550.0,550.0,31.1639549436796,31.1639549436796
"SHOPOJ White Paper Sky Lantern (80 cm X 34 cm, P...",1,1,1,0,0.0,550.0,550.0,550.0,550.0,550.0,550.0,44.94494494494494,44.94494494494494
"SHOPOJ Yellow Paper Sky Lantern (80 cm X 34 cm, ...",1,1,1,0,0.0,550.0,550.0,550.0,550.0,550.0,550.0,38.82091212458287,38.82091212458287
"SJ Barstel 56m / 1000m Binoculars (30 mm, Black)",1,1,1,0,0.0,6449.0,6449.0,6449.0,6449.0,6449.0,6449.0,33.16405845165302,33.16405845165302
"SJ Bushnell 122/1000M Binoculars (36 mm, Black)",1,1,1,0,0.0,3899.0,3899.0,3899.0,3899.0,3899.0,3899.0,32.53157985810694,32.53157985810694
"SJ Comet Zoom DPSI Binoculars (30 mm, Black)",1,1,1,0,0.0,6649.0,6649.0,6649.0,6649.0,6649.0,6649.0,33.5033503350335,33.5033503350335
SMART DENIM Solid Women's White Denim Shorts,1,1,1,0,0.0,499.0,499.0,499.0,499.0,499.0,499.0,37.625,37.625
SMART TRADERS Girls Bellies,1,1,1,0,0.0,650.0,650.0,650.0,650.0,650.0,650.0,49.96150885296382,49.96150885296382
SMART TRADERS Women Flats,1,1,1,0,0.0,399.0,399.0,399.0,399.0,399.0,399.0,66.72226855713095,66.72226855713095
SMART TRADERS Women Wedges,1,1,1,0,0.0,470.0,470.0,470.0,470.0,470.0,470.0,60.80066722268557,60.80066722268557
SRPC BAOER STARWALKER EXECUTIVE ROLLERBALL Pen G...,1,1,1,0,0.0,799.0,799.0,799.0,799.0,799.0,799.0,60.03001500750375,60.03001500750375
SUPERMOD Men's Brief,1,1,1,0,0.0,139.0,139.0,139.0,139.0,139.0,139.0,0.0,0.0
"Samprada Modern art Tapestry (Black, Pink)",1,1,1,0,0.0,399.0,399.0,399.0,399.0,399.0,399.0,42.918454935622314,42.918454935622314
Selfcare Women's Thong Panty (Pack of 3),1,1,1,0,0.0,479.0,479.0,479.0,479.0,479.0,479.0,46.599777034559644,46.599777034559644
Shonaya Printed Bhagalpuri Art Silk Sari,1,1,1,0,0.0,555.0,555.0,555.0,555.0,555.0,555.0,76.28205128205128,76.28205128205128
Shrih SH-0192 Wired USB Flexible Keyboard (Red),1,1,1,0,0.0,999.0,999.0,999.0,999.0,999.0,999.0,0.0,0.0
Shrih Toe & Foot Protector Pain Relief Pad (Pack...,1,1,1,0,0.0,1500.0,1500.0,1500.0,1500.0,1500.0,1500.0,0.0,0.0
Siemens 5SL Betagard 5SL MCB (1),1,1,1,0,0.0,120.0,120.0,120.0,120.0,120.0,120.0,39.08629441624365,39.08629441624365
Sisel Printed Poly Cotton Women's Stole,1,1,1,0,0.0,128.0,128.0,128.0,128.0,128.0,128.0,57.19063545150502,57.19063545150502
"Sj Bushnell 119M / 1000 Binoculars (36 mm, Black)",1,1,1,0,0.0,4549.0,4549.0,4549.0,4549.0,4549.0,4549.0,32.59742184027263,32.59742184027263
Skayvon SUBMERSIBBLE THREE PHASE PUMP CONTROLLER...,1,1,1,0,0.0,4990.0,4990.0,4990.0,4990.0,4990.0,4990.0,44.549394377153014,44.549394377153014
Skayvon SUMMERSIBLE SINGLE PHASE PUMP CONTROLLER...,1,1,1,0,0.0,4990.0,4990.0,4990.0,4990.0,4990.0,4990.0,50.050050050050054,50.050050050050054
Small Toes Bellies,1,1,1,0,0.0,599.0,599.0,599.0,599.0,599.0,599.0,50.083333333333336,50.083333333333336
Sonaxo Men Running Shoes,1,1,1,0,0.0,974.0,974.0,974.0,974.0,974.0,974.0,25.01924557351809,25.01924557351809
Spa Culture Fit Fit Women's Black Jeans,1,1,1,0,0.0,925.0,925.0,925.0,925.0,925.0,925.0,19.565217391304348,19.565217391304348
"Speedwav 186136 Manual Rear View Mirror (Right, ...",1,1,1,0,0.0,1203.0,1203.0,1203.0,1203.0,1203.0,1203.0,51.88,51.88
Speedwav 186879 Bajaj Pulsar 200 NS DTS-i LED In...,1,1,1,0,0.0,1087.0,1087.0,1087.0,1087.0,1087.0,1087.0,37.885714285714286,37.885714285714286
Speedwav 186926 Royal Enfield 350 Twin Spark LED...,1,1,1,0,0.0,1087.0,1087.0,1087.0,1087.0,1087.0,1087.0,37.885714285714286,37.885714285714286
"Speedwav 216456 Manual Rear View Mirror (Right, ...",1,1,1,0,0.0,723.0,723.0,723.0,723.0,723.0,723.0,44.38461538461539,44.38461538461539
"Speedwav 216510 Manual Rear View Mirror (Right, ...",1,1,1,0,0.0,723.0,723.0,723.0,723.0,723.0,723.0,44.38461538461539,44.38461538461539
"Speedwav 216552 Manual Rear View Mirror (Right, ...",1,1,1,0,0.0,723.0,723.0,723.0,723.0,723.0,723.0,44.38461538461539,44.38461538461539
Speedwav 240437 Sun Shade For Hyundai i10 (Dashb...,1,1,1,0,0.0,358.0,358.0,358.0,358.0,358.0,358.0,74.42857142857143,74.42857142857143
Srajanaa sr114 Travel Shaving Kit (Black),1,1,1,0,0.0,550.0,550.0,550.0,550.0,550.0,550.0,26.666666666666668,26.666666666666668
Starsy Printed Women's Round Neck Black T-Shirt,1,1,1,0,0.0,879.0,879.0,879.0,879.0,879.0,879.0,20.018198362147405,20.018198362147405
Starsy Solid Women's Round Neck Green T-Shirt,1,1,1,0,0.0,639.0,639.0,639.0,639.0,639.0,639.0,20.02503128911139,20.02503128911139
Style World Women Flats,1,1,1,0,0.0,479.0,479.0,479.0,479.0,479.0,479.0,60.05004170141785,60.05004170141785
"Sugandh Vatika 24 Natural Masala, Sandal Incense...",1,1,1,0,0.0,525.0,525.0,525.0,525.0,525.0,525.0,4.545454545454546,4.545454545454546
Sumo Baby Walker (Red),1,1,1,0,0.0,850.0,850.0,850.0,850.0,850.0,850.0,34.565050038491144,34.565050038491144
Synergy SFJB0105 Grocery Bag (Blue),1,1,1,0,0.0,399.0,399.0,399.0,399.0,399.0,399.0,43.0,43.0
THERISE MD0005 Wired Headset (Pink),1,1,1,0,0.0,249.0,249.0,249.0,249.0,249.0,249.0,75.07507507507508,75.07507507507508
TIMBERLAKE Slim Fit Fit Women's Blue Jeans,1,1,1,0,0.0,999.0,999.0,999.0,999.0,999.0,999.0,28.591851322373124,28.591851322373124
Taurus Black & white Lace Up,1,1,1,0,0.0,1999.0,1999.0,1999.0,1999.0,1999.0,1999.0,20.008003201280513,20.008003201280513
The Crazy Me 1 Compartments Eco-Friendly leather...,1,1,1,0,0.0,206.0,206.0,206.0,206.0,206.0,206.0,48.37092731829574,48.37092731829574
"Threads & Pals Full Sleeve Printed, Solid Men's ...",1,1,1,0,0.0,648.0,648.0,648.0,648.0,648.0,648.0,72.97748123436197,72.97748123436197
Threads & Pals Full Sleeve Self Design Men's Swe...,1,1,1,0,0.0,702.0,702.0,702.0,702.0,702.0,702.0,76.58438959306204,76.58438959306204
UFO Full Sleeve Solid Girl's Jacket,1,1,1,0,0.0,719.0,719.0,719.0,719.0,719.0,719.0,60.033351862145636,60.033351862145636
UFO Self Design Round Neck Casual Girl's Sweater,1,1,1,0,0.0,559.0,559.0,559.0,559.0,559.0,559.0,60.04288777698356,60.04288777698356
United Colors of Benetton Girl's Trousers,1,1,1,0,0.0,351.0,351.0,351.0,351.0,351.0,351.0,60.95661846496107,60.95661846496107
Urban Girl Foundation Brush (Pack of 12),1,1,1,0,0.0,1099.0,1099.0,1099.0,1099.0,1099.0,1099.0,50.02273760800364,50.02273760800364
Urban Girl Foundation Brush (Pack of 7),1,1,1,0,0.0,499.0,499.0,499.0,499.0,499.0,499.0,61.585835257890686,61.585835257890686
V&G Professional HD-37 Hair Dryer (Red),1,1,1,0,0.0,1099.0,1099.0,1099.0,1099.0,1099.0,1099.0,56.022408963585434,56.022408963585434
Vinenzia Printed Winter Men's Gloves,1,1,1,0,0.0,349.0,349.0,349.0,349.0,349.0,349.0,0.0,0.0
Viral Girl Women's Full Coverage Bra,1,1,1,0,0.0,349.0,349.0,349.0,349.0,349.0,349.0,30.060120240480963,30.060120240480963
Vishudh Printed Women's Anarkali Kurta,1,1,1,0,0.0,1049.0,1049.0,1049.0,1049.0,1049.0,1049.0,50.023820867079564,50.023820867079564
Vitamins Solid Baby Girl's Basic Shorts,1,1,1,0,0.0,529.0,529.0,529.0,529.0,529.0,529.0,0.0,0.0
Walkline Slippers,1,1,1,0,0.0,435.0,435.0,435.0,435.0,435.0,435.0,12.82565130260521,12.82565130260521
Wella Elements Leight Weight Renewing Conditione...,1,1,1,0,0.0,2490.0,2490.0,2490.0,2490.0,2490.0,2490.0,13.84083044982699,13.84083044982699
Wellon Fittings set (16 pieces) for RO Water Pur...,1,1,1,0,0.0,499.0,499.0,499.0,499.0,499.0,499.0,37.546933667083856,37.546933667083856
Yo Baby Girl's Trousers,1,1,1,0,0.0,204.0,204.0,204.0,204.0,204.0,204.0,76.0,76.0
Zevrr Sterling Silver Swarovski Zirconia Platinu...,1,1,1,0,0.0,1066.0,1066.0,1066.0,1066.0,1066.0,1066.0,60.01500375093774,60.01500375093774
Zikrak Exim Women Wedges,1,1,1,0,0.0,649.0,649.0,649.0,649.0,649.0,649.0,45.87155963302752,45.87155963302752
"Zixtro Bug (Black, Backpack)",1,1,1,0,0.0,3890.0,3890.0,3890.0,3890.0,3890.0,3890.0,0.0,0.0
classyworld Brass Cufflink (Grey-02),1,1,1,0,0.0,220.0,220.0,220.0,220.0,220.0,220.0,72.11660329531053,72.11660329531053
classyworld Brass Cufflink (Silver-01),1,1,1,0,0.0,329.0,329.0,329.0,329.0,329.0,329.0,65.69343065693431,65.69343065693431
clickforsign Avoid Contanimation Wash your Hands...,1,1,1,0,0.0,280.0,280.0,280.0,280.0,280.0,280.0,20.0,20.0
clickforsign Sound horn Before entering Emergenc...,1,1,1,0,0.0,280.0,280.0,280.0,280.0,280.0,280.0,20.0,20.0
e-Fresh Baby Boy's Brief (Pack of 10),1,1,1,0,0.0,429.0,429.0,429.0,429.0,429.0,429.0,51.79775280898876,51.79775280898876
e-Fresh Boy's Brief (Pack of 5),1,1,1,0,0.0,299.0,299.0,299.0,299.0,299.0,299.0,50.0,50.0
fourgee Slim Fit Boy's Black Jeans,1,0,0,0,0.0,,,,,,,,
kem Flow Gold skinny Fit Baby Girl's Blue Jeans,1,1,1,0,0.0,599.0,599.0,599.0,599.0,599.0,599.0,29.529411764705884,29.529411764705884
piftif Women's Sports Bra,1,1,1,0,0.0,624.0,624.0,624.0,624.0,624.0,624.0,53.77777777777778,53.77777777777778
run of luck Solid Women's Round Neck Dark Blue T...,1,1,1,0,0.0,299.0,299.0,299.0,299.0,299.0,299.0,0.0,0.0
soie Fashion Women's Full Coverage Bra,1,1,1,0,0.0,486.0,486.0,486.0,486.0,486.0,486.0,10.0,10.0
soie Fashion Women's Sports Bra,1,1,1,0,0.0,792.0,792.0,792.0,792.0,792.0,792.0,10.0,10.0
"tadd Men's, Women's Ankle Length Socks",1,1,1,0,0.0,199.0,199.0,199.0,199.0,199.0,199.0,60.120240480961925,60.120240480961925
xy decor Cotton Sofa Cover (white Pack of 6),1,1,1,0,0.0,599.0,599.0,599.0,599.0,599.0,599.0,64.74396703943496,64.74396703943496
