category,listings,rated_listings,rating_coverage_pct,mean_rating,price_rating_pairs,price_rating_correlation
Clothing,6198,628,10.132300742174895,3.7781847133757966,623,0.0633739320714169
Watches,530,193,36.41509433962264,3.9134715025906743,191,0.020059271286093482
Computers,578,176,30.44982698961938,3.8823863636363645,176,0.1116784360962739
Footwear,1227,161,13.121434392828036,3.668944099378882,160,0.08840811290509448
Jewellery,3531,142,4.021523647691872,4.069718309859155,141,0.08791968882667833
Beauty and Personal Care,710,109,15.352112676056338,3.4688073394495413,109,0.11942225228857979
Kitchen & Dining,647,63,9.737248840803709,4.379365079365079,63,-0.19550192746041517
Tools & Hardware,391,55,14.066496163682864,3.3763636363636365,55,0.2003067681066588
Mobiles & Accessories,1099,41,3.7306642402183803,3.7634146341463417,41,0.21542258422872615
Toys & School Supplies,330,37,11.212121212121213,3.778378378378379,37,-0.11659349341367262
Home Furnishing,700,36,5.142857142857143,3.9499999999999997,36,0.1974292795358845
Home Decor & Festive Needs,929,34,3.6598493003229278,4.008823529411765,34,0.21803718374031592
Sports & Fitness,166,32,19.27710843373494,4.1812499999999995,32,0.10645180056628954
"Bags, Wallets & Belts",265,31,11.69811320754717,3.406451612903226,30,-0.17696441205483832
Automotive,1012,24,2.3715415019762847,3.6666666666666674,24,
Cameras & Accessories,82,16,19.51219512195122,3.5500000000000003,16,
Pens & Stationery,313,15,4.792332268370607,3.8933333333333335,15,
Baby Care,483,14,2.898550724637681,4.071428571428571,14,
Health & Personal Care Appliances,43,10,23.25581395348837,3.4799999999999995,10,
Furniture,180,6,3.3333333333333335,2.8333333333333335,6,
Clovia Women's Full Coverage Bra,9,5,55.55555555555556,3.1399999999999997,5,
Clovia Women's T-Shirt Bra,6,5,83.33333333333333,3.34,5,
Home & Kitchen,24,4,16.666666666666668,4.4,4,
Home Improvement,81,4,4.938271604938271,2.25,4,
Sunglasses,40,2,5.0,4.85,2,
Clovia Lingerie Set,1,1,100.0,4.0,1,
Clovia Women's Plunge Bra,1,1,100.0,3.0,1,
Home Entertainment,19,1,5.2631578947368425,5.0,1,
LGRL Women's Leggings,1,1,100.0,5.0,1,
Pu-Good Women Flats,4,1,25.0,5.0,1,
eBooks,15,1,6.666666666666667,5.0,1,
883 Police Full Sleeve Solid Men's Jacket,1,0,0.0,,0,
"ABEEZ Boys, Men, Girls (Black, Pack of 1)",1,0,0.0,,0,
ANAND ARCHIES Girls Flats,2,0,0.0,,0,
ANAND ARCHIES Girls Wedges,1,0,0.0,,0,
ANASAZI Casual 3/4 Sleeve Solid Women's Top,1,0,0.0,,0,
ATV Pouch for Acer Liquid Z330 (STEEL BLUE),1,0,0.0,,0,
Abhinl Fashion Cotton Printed Semi-stitched Salw...,1,0,0.0,,0,
"Adidas IND PRO THI GUA Thigh Guard (White, Blue,...",1,0,0.0,,0,
Ajaero Slim Fit Women's Dark Blue Jeans,2,0,0.0,,0,
Amita Home Furnishing Cotton Floral Single Bedsh...,1,0,0.0,,0,
Amita Home Furnishing Cotton Printed Single Beds...,1,0,0.0,,0,
Anuradha Art Stylish Hair Clip (Black),1,0,0.0,,0,
Anuradha Art Stylish Hair Clip (Blue),1,0,0.0,,0,
"Areon Luxurious Fragrance Long Lasting Car,Home,...",1,0,0.0,,0,
Arial Morris Women Flats,1,0,0.0,,0,
Asics Gel-Cumulus 17 Running Shoes,1,0,0.0,,0,
Asics Gel-Kayano 22 Running Shoes,1,0,0.0,,0,
Attitude Printed Women's Round Neck Black T-Shirt,1,0,0.0,,0,
"Auraa Men's, Women's Solid No Show Socks",1,0,0.0,,0,
AutoKraftZ Optimum Locking Device For Bajaj Puls...,1,0,0.0,,0,
Automation & Robotics,1,0,0.0,,0,
Autoplus M AP15 Arm Sleeve (Black),1,0,0.0,,0,
Autoplus M AP18 Arm Sleeve (Black),1,0,0.0,,0,
BALAJI EXPORTS Bottled Wine Cooler (9 Bottles),1,0,0.0,,0,
BLM Casual Printed Women's Kurti,1,0,0.0,,0,
Be 13 Printed Boy's Round Neck T-Shirt (Pack of 2),1,0,0.0,,0,
Behringer Xenyx 502 Analog Sound Mixer,1,0,0.0,,0,
Bengal Blooms Rose Artificial Plant  with Pot (3...,1,0,0.0,,0,
Bootwale Bellies,1,0,0.0,,0,
Boreal Roller Brush,1,0,0.0,,0,
Breakbounce Men's Vest,1,0,0.0,,0,
BuildTrack PIR Wireless Motion Sensor - One Swit...,1,0,0.0,,0,
COIRFIT Single Coir Mattress,2,0,0.0,,0,
Camey Men's Quarter Length Socks,2,0,0.0,,0,
Car vastra 1pcs Car Vastra Honda Beige Backrest ...,1,0,0.0,,0,
Carbanao Chrome Grill Chevrolet Cruze Car Grill ...,1,0,0.0,,0,
Cellbazaar Blackberry 8520 WHITE LCD LCD (YIT-562),1,0,0.0,,0,
Clickforsign Vehicles parked Illegally will be t...,1,0,0.0,,0,
Corcepts Universal Tablet HD Ultra Clear Transpa...,2,0,0.0,,0,
Crafty Hands Kutchchi Mirrorwork Tapestry (Maroon),2,0,0.0,,0,
D&D Women Flats,2,0,0.0,,0,
Dassler Slim Fit Women's Multicolor Jeans,3,0,0.0,,0,
Dilan Jewels Alloy Zircon 18K Yellow Gold Bangle...,3,0,0.0,,0,
Disney Printed Baby Boy's Hooded Grey T-Shirt,1,0,0.0,,0,
Dolz Slim Fit Fit Women's Brown Jeans,1,0,0.0,,0,
Dremel 2615.023.132 Plastic Friction Work Bench ...,1,0,0.0,,0,
Dressberry Black Synthetic  Clutch,2,0,0.0,,0,
Dressberry Gold Synthetic  Clutch,4,0,0.0,,0,
Dressberry Green Synthetic  Clutch,1,0,0.0,,0,
Dressberry Orange Synthetic  Clutch,1,0,0.0,,0,
E'Hiose Girl's Leggings (Pack of 6),1,0,0.0,,0,
EASIES Solid Single Breasted Casual Men's Blazer,2,0,0.0,,0,
Escan Lace Up,1,0,0.0,,0,
Eternal Gandhi Super Series Crystal Paper Weight...,1,0,0.0,,0,
Eyewear,10,0,0.0,,0,
FEET FLOW Women Flats,4,0,0.0,,0,
FIFO Bottom Women's  Combo,1,0,0.0,,0,
Fabpoppy Printed Women's Jumpsuit,1,0,0.0,,0,
Favourite BikerZ 3514 RAD air filter Ionic Air F...,1,0,0.0,,0,
"Firangi Cotton, Polyester Free Floor Mat Firangi...",4,0,0.0,,0,
Fly U Slim Fit Fit Women's Brown Jeans,1,0,0.0,,0,
Food & Nutrition,2,0,0.0,,0,
Foot Candy Women Flats,1,0,0.0,,0,
Frabjous German silver Rings For Women Alloy Zir...,3,0,0.0,,0,
GALLOWAY skinny Fit Women's Jeans,2,0,0.0,,0,
GM Power mate 4 Strip Surge Protector (White),1,0,0.0,,0,
Gaming,35,0,0.0,,0,
Gking Hand Stiched Steering Cover For Maruti Ert...,1,0,0.0,,0,
Gking Hand Stiched Steering Cover For Renault Sc...,1,0,0.0,,0,
Glacier Running Shoes,1,0,0.0,,0,
HANS Men's Crew Length Socks,2,0,0.0,,0,
Himmlisch 20503 Car Bottle Holder (Plastic),1,0,0.0,,0,
Household Supplies,4,0,0.0,,0,
INDILEGO Women Flats,2,0,0.0,,0,
INKT INKT A5 Wiro Notebook A5 Notebook Ring Boun...,1,0,0.0,,0,
INVENTURE RETAIL Nail Cutter,1,0,0.0,,0,
Impala Alloy Cufflink (White),1,0,0.0,,0,
Indistar Self Design Viscose Women's Stole,3,0,0.0,,0,
JUSF2 Black Color Hair Band (Multicolor),1,0,0.0,,0,
Jazz Eyewears Over-sized Sunglasses,1,0,0.0,,0,
"Joyra Heart Sterling Silver Swarovski Crystal, S...",1,0,0.0,,0,
Just Wow Women Flats,1,0,0.0,,0,
K&P Dr.Ambedkar Large 04 Showpiece  -  19 cm (Po...,1,0,0.0,,0,
K&P Lord Ganesha Large 03 Showpiece  -  19 cm (P...,1,0,0.0,,0,
"Kalpaveda Copper Bowl (Gold, Pack of 1)",1,0,0.0,,0,
Kanvas Bellies,1,0,0.0,,0,
Kittens Boys Flats,1,0,0.0,,0,
Klaur Melbourne Bellies,1,0,0.0,,0,
"Knight Ace Kraasa Sports Running Shoes, Cycling ...",1,0,0.0,,0,
Koie  Battery - For Samsung 7562 Premium Quality...,1,0,0.0,,0,
"Kombee Girl's Printed Red, Pink Top & Capri Set",1,0,0.0,,0,
Kraft Seeds Dill Herb Seed (50 per packet),1,0,0.0,,0,
Kraft Seeds Rosemary Herb (Pack Of 5) Seed (75 p...,1,0,0.0,,0,
Kraft Seeds Thyme Herbs Seed (200 per packet),1,0,0.0,,0,
Laser X Checkered Men's Boxer (Pack of 4),1,0,0.0,,0,
Leading lady Women's Camisole,1,0,0.0,,0,
Legmark Slim Fit Women's Blue Jeans,1,0,0.0,,0,
Legmark Slim Fit Women's Light Blue Jeans,1,0,0.0,,0,
Libas Printed Women's A-line Kurta,1,0,0.0,,0,
Libas Printed Women's Anarkali Kurta,1,0,0.0,,0,
Lilliput Top Baby Girl's  Combo,8,0,0.0,,0,
Linzina Fashions LIN-HOSS-1.5 Faucet Set,1,0,0.0,,0,
Little Stars Girl's A-line Multicolor Dress,1,0,0.0,,0,
LondonHouze Printed Women's Round Neck Grey T-Shirt,1,0,0.0,,0,
"Lucky Thailand GL/ LG30 Glass (300 ml, Clear, Pa...",1,0,0.0,,0,
MASARA Solid Women's Straight Kurta,5,0,0.0,,0,
Mast & Harbour Black Synthetic  Clutch,2,0,0.0,,0,
Mast & Harbour Gold Synthetic  Clutch,1,0,0.0,,0,
Miss Wow Slim Fit Women's Blue Jeans,1,0,0.0,,0,
NEWGEN TECH EO-HS3303 179 Wired Headset (White),1,0,0.0,,0,
NEWGEN TECH EO-HS3303 218 Wired Headset (White),1,0,0.0,,0,
NEWGEN TECH EO-HS3303 58 Wired Headset (White),1,0,0.0,,0,
Naaz 2 in 1 Paper Quilling Board Game,1,0,0.0,,0,
Naaz Dart game Board Game,1,0,0.0,,0,
New Darling Women's Printed Top & Pyjama Set,1,0,0.0,,0,
Nine Maternity Wear Women's Fit and Flare Dress,1,0,0.0,,0,
Noor Embroidered Women's Straight Kurta,1,0,0.0,,0,
Nut Khut Embroidered Kurta & Churidar,1,0,0.0,,0,
OEM 170774 Bike Side Stand,1,0,0.0,,0,
"Ocean GP/Pyramid Glass (300 ml, Clear, Pack of 12)",1,0,0.0,,0,
Oddy RS 1.5 X 2 100 Sheets Self Stick Reposition...,1,0,0.0,,0,
Olvin Aviator Sunglasses,7,0,0.0,,0,
Olvin Oval Sunglasses,3,0,0.0,,0,
Olvin Rectangular Sunglasses,2,0,0.0,,0,
Olvin Wayfarer Sunglasses,4,0,0.0,,0,
Oly Two Fit Fit Women's Black Jeans,1,0,0.0,,0,
Oly Two Fit Fit Women's Dark Blue Jeans,1,0,0.0,,0,
Pazel Slim Fit Men's Jeans,1,0,0.0,,0,
Pet Supplies,30,0,0.0,,0,
Pia International 10X70X70 WITH ZOOM SAKURA Bino...,1,0,0.0,,0,
Planet Waves Woodstock Strap (Multicolor),1,0,0.0,,0,
Pout Brass Bangle,3,0,0.0,,0,
Power Smart Quick Charging Pack For PAN CGR-D28 ...,1,0,0.0,,0,
Power Smart Quick Charging Pack For PAN CGR-DU-2...,1,0,0.0,,0,
"Prime Printed 8 Seater Table Cover (Multicolor, ...",1,0,0.0,,0,
PrivateLifes MasterPiece Women's Push-up Bra,1,0,0.0,,0,
REMSON INDIA Women Flats,1,0,0.0,,0,
RajeshFashion Women's Leggings,1,0,0.0,,0,
Rasav Jewels Yellow Gold Diamond 18 K Ring,1,0,0.0,,0,
Remax Rm-10000 Remax Vanguard 10000mah 10000 mAh...,1,0,0.0,,0,
Royal Seal Creations 40 ST COLOR Silver Zircon N...,1,0,0.0,,0,
Ruhi's Creations Cotton Cartoon King sized Doubl...,1,0,0.0,,0,
Ruhi's Creations Cotton Floral King sized Double...,1,0,0.0,,0,
Ruhi's Creations Polyester Silk Blend Cartoon Ki...,3,0,0.0,,0,
"SAY Thread Wounded Candle 10"" Set of 4 pcs Solid...",1,0,0.0,,0,
"SAY UV Sterilizer Solid Filter Cartridge (0, Pac...",1,0,0.0,,0,
SHOPOJ Multicolor Paper Sky Lantern (80 cm X 34 ...,1,0,0.0,,0,
"SHOPOJ Purple Paper Sky Lantern (80 cm X 34 cm, ...",1,0,0.0,,0,
"SHOPOJ White Paper Sky Lantern (80 cm X 34 cm, P...",1,0,0.0,,0,
"SHOPOJ Yellow Paper Sky Lantern (80 cm X 34 cm, ...",1,0,0.0,,0,
"SJ Barstel 56m / 1000m Binoculars (30 mm, Black)",1,0,0.0,,0,
"SJ Bushnell 122/1000M Binoculars (36 mm, Black)",1,0,0.0,,0,
"SJ Comet Zoom DPSI Binoculars (30 mm, Black)",1,0,0.0,,0,
SMART DENIM Solid Women's White Denim Shorts,1,0,0.0,,0,
SMART TRADERS Girls Bellies,1,0,0.0,,0,
SMART TRADERS Women Flats,1,0,0.0,,0,
SMART TRADERS Women Wedges,1,0,0.0,,0,
SRPC BAOER STARWALKER EXECUTIVE ROLLERBALL Pen G...,1,0,0.0,,0,
SUPERMOD Men's Brief,1,0,0.0,,0,
"Samprada Modern art Tapestry (Black, Pink)",1,0,0.0,,0,
Selfcare Women's Thong Panty (Pack of 3),1,0,0.0,,0,
Shonaya Printed Bhagalpuri Art Silk Sari,1,0,0.0,,0,
Shrih SH-0192 Wired USB Flexible Keyboard (Red),1,0,0.0,,0,
Shrih Toe & Foot Protector Pain Relief Pad (Pack...,1,0,0.0,,0,
Siemens 5SL Betagard 5SL MCB (1),1,0,0.0,,0,
Sisel Printed Poly Cotton Women's Stole,1,0,0.0,,0,
Siyas Collection Lac Cubic Zirconia Bangle Set (...,2,0,0.0,,0,
"Sj Bushnell 119M / 1000 Binoculars (36 mm, Black)",1,0,0.0,,0,
Skayvon SUBMERSIBBLE THREE PHASE PUMP CONTROLLER...,1,0,0.0,,0,
Skayvon SUMMERSIBLE SINGLE PHASE PUMP CONTROLLER...,1,0,0.0,,0,
Small Toes Bellies,1,0,0.0,,0,
Sonaxo Men Running Shoes,1,0,0.0,,0,
Spa Culture Fit Fit Women's Black Jeans,1,0,0.0,,0,
"Speedwav 186136 Manual Rear View Mirror (Right, ...",1,0,0.0,,0,
Speedwav 186879 Bajaj Pulsar 200 NS DTS-i LED In...,1,0,0.0,,0,
Speedwav 186926 Royal Enfield 350 Twin Spark LED...,1,0,0.0,,0,
"Speedwav 216456 Manual Rear View Mirror (Right, ...",1,0,0.0,,0,
"Speedwav 216510 Manual Rear View Mirror (Right, ...",1,0,0.0,,0,
"Speedwav 216552 Manual Rear View Mirror (Right, ...",1,0,0.0,,0,
Speedwav 240437 Sun Shade For Hyundai i10 (Dashb...,1,0,0.0,,0,
Srajanaa sr114 Travel Shaving Kit (Black),1,0,0.0,,0,
Starsy Printed Women's Round Neck Black T-Shirt,1,0,0.0,,0,
Starsy Solid Women's Round Neck Green T-Shirt,1,0,0.0,,0,
Style World Women Flats,1,0,0.0,,0,
"Sugandh Vatika 24 Natural Masala, Sandal Incense...",1,0,0.0,,0,
Sumo Baby Walker (Red),1,0,0.0,,0,
Synergy SFJB0105 Grocery Bag (Blue),1,0,0.0,,0,
THERISE MD0005 Wired Headset (Pink),1,0,0.0,,0,
TIMBERLAKE Slim Fit Fit Women's Blue Jeans,1,0,0.0,,0,
TIMBERLAKE Slim Fit Fit Women's Brown Jeans,2,0,0.0,,0,
TIMBERLAKE Slim Fit Fit Women's Red Jeans,2,0,0.0,,0,
TSG Breeze Printed Women's Round Neck Multicolor...,2,0,0.0,,0,
Taurus Black & white Lace Up,1,0,0.0,,0,
The Cotton Company Solid Women's Polo Neck Pink ...,2,0,0.0,,0,
The Crazy Me 1 Compartments Eco-Friendly leather...,1,0,0.0,,0,
"Threads & Pals Full Sleeve Printed, Solid Men's ...",1,0,0.0,,0,
Threads & Pals Full Sleeve Self Design Men's Swe...,1,0,0.0,,0,
Treppe Bellies,3,0,0.0,,0,
UFO Full Sleeve Solid Girl's Jacket,1,0,0.0,,0,
UFO Self Design Round Neck Casual Girl's Sweater,1,0,0.0,,0,
United Colors of Benetton Girl's Trousers,1,0,0.0,,0,
Urban Girl Foundation Brush (Pack of 10),2,0,0.0,,0,
Urban Girl Foundation Brush (Pack of 12),1,0,0.0,,0,
Urban Girl Foundation Brush (Pack of 7),1,0,0.0,,0,
V&G Professional HD-37 Hair Dryer (Red),1,0,0.0,,0,
Vinenzia Printed Winter Men's Gloves,1,0,0.0,,0,
Viral Girl Women's Full Coverage Bra,1,0,0.0,,0,
Vishudh Printed Women's Anarkali Kurta,1,0,0.0,,0,
Vishudh Printed Women's Straight Kurta,8,0,0.0,,0,
Vitamins Solid Baby Girl's Basic Shorts,1,0,0.0,,0,
Walkline Slippers,1,0,0.0,,0,
Wearable Smart Devices,2,0,0.0,,0,
Wella Elements Leight Weight Renewing Conditione...,1,0,0.0,,0,
Wellon Fittings set (16 pieces) for RO Water Pur...,1,0,0.0,,0,
Yo Baby Girl's Trousers,1,0,0.0,,0,
Zevrr Sterling Silver Swarovski Zirconia Platinu...,1,0,0.0,,0,
Zikrak Exim Women Wedges,1,0,0.0,,0,
"Zixtro Bug (Black, Backpack)",1,0,0.0,,0,
classyworld Brass Cufflink (Grey-02),1,0,0.0,,0,
classyworld Brass Cufflink (Silver-01),1,0,0.0,,0,
clickforsign Avoid Contanimation Wash your Hands...,1,0,0.0,,0,
clickforsign Sound horn Before entering Emergenc...,1,0,0.0,,0,
e-Fresh Baby Boy's Brief (Pack of 10),1,0,0.0,,0,
e-Fresh Boy's Brief (Pack of 5),1,0,0.0,,0,
fourgee Slim Fit Boy's Black Jeans,1,0,0.0,,0,
fourgee Slim Fit Women's Blue Jeans,2,0,0.0,,0,
kem Flow Gold skinny Fit Baby Girl's Blue Jeans,1,0,0.0,,0,
killys Men's Solid No Show Socks,2,0,0.0,,0,
piftif Women's Sports Bra,1,0,0.0,,0,
run of luck Solid Women's Round Neck Dark Blue T...,1,0,0.0,,0,
soie Fashion Women's Full Coverage Bra,1,0,0.0,,0,
soie Fashion Women's Sports Bra,1,0,0.0,,0,
"tadd Men's, Women's Ankle Length Socks",1,0,0.0,,0,
xy decor Cotton Sofa Cover (white Pack of 6),1,0,0.0,,0,
