country,restaurants,share_pct,rated_restaurants,mean_rating
India,8652,90.58737304994241,6513,3.352034392752947
United States,434,4.544026803476076,431,4.0322505800464015
United Kingdom,80,0.8376086273688619,79,4.139240506329113
Brazil,60,0.6282064705266465,55,4.1054545454545455
South Africa,60,0.6282064705266465,60,4.210000000000001
UAE,60,0.6282064705266465,60,4.2333333333333325
New Zealand,40,0.41880431368443094,40,4.2625
Turkey,34,0.3559836666317663,34,4.300000000000001
Australia,24,0.2512825882106586,24,3.658333333333333
Philippines,22,0.23034237252643702,22,4.468181818181818
Indonesia,21,0.21987226468432625,21,4.295238095238096
Qatar,20,0.20940215684221547,20,4.0600000000000005
Singapore,20,0.20940215684221547,20,3.575
Sri Lanka,20,0.20940215684221547,20,3.8699999999999997
Canada,4,0.0418804313684431,4,3.575
