cuisine,restaurants,rated_restaurants,mean_rating
North Indian,3960,3017,3.2951276102088154
Chinese,2733,2182,3.281897341888177
Fast Food,1986,1563,3.256749840051178
Mughlai,994,794,3.2706549118387893
Italian,764,726,3.7484848484848463
Bakery,744,535,3.393271028037383
Continental,736,699,3.7050071530758224
Cafe,703,634,3.682649842271291
Desserts,653,543,3.58232044198895
South Indian,636,485,3.2387628865979394
Street Food,562,403,3.285607940446648
American,390,380,3.757894736842104
Pizza,381,328,3.393902439024393
Mithai,380,251,3.1394422310756966
Burger,251,239,3.6974895397489553
Thai,234,229,3.7397379912663737
Asian,233,228,3.898684210526316
Beverages,228,176,3.5409090909090937
Ice Cream,226,169,3.454437869822488
Mexican,181,174,3.872988505747128
Biryani,177,126,3.400000000000001
Seafood,174,171,3.9298245614035094
Healthy Food,150,137,3.3737226277372274
European,148,146,3.964383561643835
Japanese,135,134,3.8253731343283577
Finger Food,114,106,3.523584905660378
Raw Meats,114,80,3.0675
Mediterranean,112,110,4.02
Salad,93,91,3.235164835164837
Sushi,75,75,3.973333333333332
Indian,70,66,4.156060606060605
Lebanese,69,65,3.6446153846153853
Steak,62,62,3.9854838709677405
Sandwich,53,53,4.066037735849058
Tea,48,37,3.6567567567567556
Tibetan,44,30,3.376666666666667
Breakfast,41,41,3.9658536585365844
Bar Food,39,37,4.145945945945946
BBQ,33,32,4.0249999999999995
Bengali,29,25,3.488000000000001
French,29,28,4.0
Juices,29,23,3.7739130434782613
Arabian,28,25,3.7919999999999994
Brazilian,28,23,4.343478260869565
Hyderabadi,26,25,3.656
Southern,24,24,4.129166666666667
Kerala,23,21,3.80952380952381
Vegetarian,23,23,4.073913043478261
Malaysian,22,22,3.7636363636363637
Middle Eastern,22,21,3.9428571428571426
Grill,21,21,4.057142857142857
International,21,21,4.247619047619048
Korean,21,20,3.835
Rajasthani,21,18,3.711111111111111
Vietnamese,21,21,3.923809523809523
Goan,20,20,3.9699999999999998
Kashmiri,20,17,3.452941176470589
