country,city,restaurant_name,restaurant_id,votes,rating_for_analysis,vote_rank
Australia,Palm Cove,Vivo Bar and Grill,16613649,381,4.4,1
Australia,Phillip Island,Mad Cowes Cafe,16604370,351,3.7,2
Australia,Tanunda,1918 Bistro & Grill,16608059,339,4.4,3
Australia,Beechworth,Bridge Road Brewers,16604911,237,4.6,4
Australia,Montville,Poets Cafe,16613059,193,2.4,5
Brazil,Sí£o Paulo,Paris 6 Classique,6700402,73,3.4,1
Brazil,Sí£o Paulo,Meats,6701257,68,4.3,2
Brazil,Sí£o Paulo,Skye - Hotel Unique,6700475,59,4.8,3
Brazil,Sí£o Paulo,Veloso,6703176,58,4.6,4
Brazil,Sí£o Paulo,Cantina Famiglia Mancini,6706313,49,4.5,5
Canada,Vineland Station,Lake House Restaurant,16654702,204,4.3,1
Canada,Chatham-Kent,Tokyo Sushi,16659169,176,3.7,2
Canada,Yorkton,Arigato Sushi,16668008,26,3.3,3
Canada,Consort,Consort Restaurant,16643459,6,3.0,4
India,Bangalore,Toit,51705,10934,4.8,1
India,Bangalore,Truffles,51040,9667,4.7,2
India,New Delhi,Hauz Khas Social,308322,7931,4.3,3
India,Kolkata,Peter Cat,20404,7574,4.3,4
India,Bangalore,AB's - Absolute Barbecues,56618,6907,4.6,5
Indonesia,Tangerang,Talaga Sampireun,7417450,2212,4.9,1
Indonesia,Jakarta,Talaga Sampireun,7422633,1662,4.9,2
Indonesia,Jakarta,Talaga Sampireun,7417455,1640,4.9,3
Indonesia,Jakarta,Skye,7402935,1498,4.1,4
Indonesia,Jakarta,Toodz House,7405789,1476,4.6,5
New Zealand,Auckland,Milse,7001086,754,4.9,1
New Zealand,Auckland,Federal Delicatessen,7003663,696,4.6,2
New Zealand,Auckland,Giapo,7000162,617,4.7,3
New Zealand,Auckland,Depot Eatery and Oyster Bar,7000095,598,4.8,4
New Zealand,Auckland,Orleans,7003855,431,4.1,5
Philippines,Pasig City,Silantro Fil-Mex,6309903,1070,4.9,1
Philippines,Pasay City,Vikings,6301290,677,4.2,2
Philippines,Pasay City,Spiral - Sofitel Philippine Plaza Manila,6300010,621,4.9,3
Philippines,Taguig City,The Food Hall by Todd English,6310406,618,4.5,4
Philippines,Makati City,Izakaya Kikufuji,6304287,591,4.5,5
Qatar,Doha,Indian Coffee House,6201976,350,3.4,1
Qatar,Doha,Zaffran Dining Experience,18107765,348,4.6,2
Qatar,Doha,MRA Bakery Sweets & Restaurant,6201309,322,4.0,3
Qatar,Doha,Aalishan,6200110,263,3.8,4
Qatar,Doha,Gokul Gujarati Restaurant,6202515,211,4.3,5
Singapore,Singapore,Jaan,18483222,35,3.8,1
Singapore,Singapore,Bitters & Love,18483446,35,3.9,2
Singapore,Singapore,Fratini La Trattoria,18483714,35,4.1,3
Singapore,Singapore,Summer Pavilion,18483051,34,3.9,4
Singapore,Singapore,Sky On 57,18483372,34,3.4,5
South Africa,Johannesburg,Craft,6502688,1207,4.1,1
South Africa,Johannesburg,The Wolfpack,6502341,1024,4.1,2
South Africa,Sandton,Licorish Bistro,6501141,892,4.6,3
South Africa,Johannesburg,Hudsons,6515130,861,4.0,4
South Africa,Sandton,Escondido Tapas,6515135,743,4.4,5
Sri Lanka,Colombo,The Sizzle,5800433,286,4.2,1
Sri Lanka,Colombo,Elite Indian Restaurant,5800634,240,2.4,2
Sri Lanka,Colombo,The Commons,5800590,209,4.0,3
Sri Lanka,Colombo,Ministry of Crab,5800176,203,4.9,4
Sri Lanka,Colombo,Burger's King,5800612,199,4.1,5
Turkey,ÛÁstanbul,J'adore Chocolatier,5904116,1311,4.7,1
Turkey,ÛÁstanbul,Karakí_y Gí_llí_oÛôlu,5915547,1305,4.7,2
Turkey,ÛÁstanbul,Starbucks,5901782,1042,4.9,3
Turkey,ÛÁstanbul,Ceviz AÛôacÛ±,5908749,1034,4.2,4
Turkey,ÛÁstanbul,Aôôk Kahve,5916112,901,4.0,5
UAE,Dubai,AB's Absolute Barbecues,208939,2510,4.8,1
UAE,Dubai,The Cheesecake Factory,201340,2424,4.7,2
UAE,Dubai,Maharaja Bhog,206488,1448,4.1,3
UAE,Dubai,Hard Rock Cafe,201531,1388,4.5,4
UAE,Dubai,Tresind - Nassima Royal Hotel,208850,1352,4.9,5
United Kingdom,London,Yauatcha,6103902,1326,4.7,1
United Kingdom,London,Dishoom,6103211,964,4.7,2
United Kingdom,Manchester,San Carlo,6801039,745,4.3,3
United Kingdom,London,Duck & Waffle,6114829,706,4.9,4
United Kingdom,Manchester,The Grill On The Alley,6800235,704,4.4,5
United States,Tampa Bay,Bern's Steak House,17092293,3157,4.7,1
United States,Tampa Bay,Datz,17099856,3074,4.7,2
United States,Orlando,Texas de Brazil,17060869,2324,4.6,3
United States,Pensacola,McGuire's Irish Pub & Brewery,17580142,2238,4.9,4
United States,Orlando,The Ravenous Pig,17061231,1998,4.4,5
