country,price_range,restaurants,rated_restaurants,mean_rating
Australia,1,4,4,3.725
Australia,2,14,14,3.6999999999999997
Australia,3,5,5,3.7
Australia,4,1,1,2.6
Brazil,1,2,1,3.8
Brazil,2,7,5,3.54
Brazil,3,16,14,4.114285714285714
Brazil,4,35,35,4.191428571428571
Canada,2,3,3,3.3333333333333335
Canada,4,1,1,4.3
India,1,4295,2596,3.1966101694915308
India,2,2858,2462,3.314337936636881
India,3,1111,1078,3.678571428571428
India,4,388,377,3.7347480106100797
Indonesia,2,1,1,3.7
Indonesia,3,20,20,4.325000000000001
New Zealand,1,3,3,4.7
New Zealand,2,4,4,4.3
New Zealand,3,17,17,4.2941176470588225
New Zealand,4,16,16,4.1375
Philippines,2,1,1,4.5
Philippines,3,12,12,4.416666666666667
Philippines,4,9,9,4.533333333333333
Qatar,2,1,1,4.3
Qatar,3,5,5,3.72
Qatar,4,14,14,4.164285714285714
Singapore,2,1,1,4.2
Singapore,3,5,5,3.5200000000000005
Singapore,4,14,14,3.55
South Africa,2,4,4,4.375
South Africa,3,17,17,4.064705882352942
South Africa,4,39,39,4.256410256410257
Sri Lanka,2,6,6,3.8000000000000003
Sri Lanka,3,11,11,3.790909090909091
Sri Lanka,4,3,3,4.3
Turkey,2,11,11,4.409090909090908
Turkey,3,18,18,4.255555555555556
Turkey,4,5,5,4.220000000000001
UAE,2,9,9,4.044444444444444
UAE,3,29,29,4.2
UAE,4,22,22,4.3545454545454545
United Kingdom,1,4,4,3.2499999999999996
United Kingdom,2,28,27,4.037037037037036
United Kingdom,3,32,32,4.203125
United Kingdom,4,16,16,4.40625
United States,1,136,136,3.9948529411764717
United States,2,165,162,4.000000000000001
United States,3,110,110,4.110909090909092
United States,4,23,23,4.104347826086957
